{
  "ticker": "AAPL",
  "window_size": 60,
  "epochs": 0,
  "threshold": 0.01,
  "initial_balance": 10000,
  "transaction_cost": 0.02,
  "final_value": 175.98784777999916,
  "total_return": -98.24012152220001,
  "expected_return": -0.003323781084760696,
  "sharpe_ratio": -0.6981188135631858,
  "max_drawdown": -98.20656455152357,
  "win_rate": 55.46218487394958,
  "total_trades": 238,
  "total_fees": 9839.54889121999,
  "buy_hold_return": 5.918069584736263,
  "outperformance": -104.15819110693627
}